"U:0","U:1","U:2","p","vtkValidPointMask","arc_length","Points:0","Points:1","Points:2"
nan,nan,nan,nan,0,0,55,-5.5,0
nan,nan,nan,nan,0,0.070847,55.007,-5.4295,0
nan,nan,nan,nan,0,0.14169,55.014,-5.359,0
nan,nan,nan,nan,0,0.21254,55.021,-5.2885,0
nan,nan,nan,nan,0,0.28339,55.028,-5.218,0
nan,nan,nan,nan,0,0.35423,55.035,-5.1475,0
nan,nan,nan,nan,0,0.42508,55.042,-5.077,0
nan,nan,nan,nan,0,0.49593,55.049,-5.0065,0
nan,nan,nan,nan,0,0.56677,55.056,-4.936,0
nan,nan,nan,nan,0,0.63762,55.063,-4.8655,0
nan,nan,nan,nan,0,0.70847,55.07,-4.795,0
nan,nan,nan,nan,0,0.77931,55.077,-4.7245,0
nan,nan,nan,nan,0,0.85016,55.084,-4.654,0
nan,nan,nan,nan,0,0.92101,55.091,-4.5835,0
-0.00012816,3.0002,8.6054e-21,1.115,1,0.99185,55.098,-4.513,0
-0.00048199,3.0007,3.2365e-20,1.1105,1,1.0627,55.105,-4.4425,0
-0.00083583,3.0012,5.6124e-20,1.1061,1,1.1335,55.112,-4.372,0
-0.0011897,3.0017,7.9884e-20,1.1016,1,1.2044,55.119,-4.3015,0
-0.0015435,3.0022,1.0364e-19,1.0972,1,1.2752,55.126,-4.231,0
-0.0018973,3.0027,1.274e-19,1.0928,1,1.3461,55.133,-4.1605,0
-0.0022512,3.0032,1.5116e-19,1.0883,1,1.4169,55.14,-4.09,0
-0.002605,3.0037,1.7492e-19,1.0839,1,1.4878,55.147,-4.0195,0
-0.0029589,3.0042,1.9868e-19,1.0794,1,1.5586,55.154,-3.949,0
-0.0033028,2.9996,2.2177e-19,1.075,1,1.6295,55.161,-3.8785,0
-0.0034891,2.9145,2.3429e-19,1.0713,1,1.7003,55.168,-3.808,0
-0.0036755,2.8295,2.4681e-19,1.0675,1,1.7712,55.175,-3.7375,0
-0.0038619,2.7444,2.5932e-19,1.0638,1,1.842,55.182,-3.667,0
-0.0039126,2.706,2.6272e-19,1.0595,1,1.9129,55.189,-3.5965,0
-0.0038923,2.6919,2.6136e-19,1.0549,1,1.9837,55.196,-3.526,0
-0.0037783,2.7011,2.5341e-19,1.0522,1,2.0546,55.203,-3.4555,0
-0.0036384,2.7167,2.4365e-19,1.05,1,2.1254,55.21,-3.385,0
-0.0034986,2.7323,2.3389e-19,1.0478,1,2.1962,55.217,-3.3145,0
-0.0033588,2.7479,2.2413e-19,1.0457,1,2.2671,55.224,-3.244,0
-0.003219,2.7635,2.1437e-19,1.0435,1,2.3379,55.231,-3.1735,0
-0.0030791,2.7791,2.0461e-19,1.0413,1,2.4088,55.238,-3.103,0
-0.0029393,2.7947,1.9485e-19,1.0391,1,2.4796,55.245,-3.0325,0
-0.0027995,2.8103,1.8509e-19,1.0369,1,2.5505,55.252,-2.962,0
-0.0026596,2.8259,1.7533e-19,1.0347,1,2.6213,55.259,-2.8915,0
-0.0025198,2.8416,1.6557e-19,1.0325,1,2.6922,55.266,-2.821,0
-0.00238,2.8572,1.558e-19,1.0303,1,2.763,55.273,-2.7505,0
-0.0022402,2.8728,1.4604e-19,1.0281,1,2.8339,55.28,-2.68,0
-0.0021003,2.8884,1.3628e-19,1.026,1,2.9047,55.287,-2.6095,0
-0.0019605,2.904,1.2652e-19,1.0238,1,2.9756,55.294,-2.539,0
-0.0018207,2.9196,1.1676e-19,1.0216,1,3.0464,55.301,-2.4685,0
-0.0016808,2.9352,1.07e-19,1.0194,1,3.1173,55.308,-2.398,0
-0.001541,2.9508,9.724e-20,1.0172,1,3.1881,55.315,-2.3275,0
-0.0014012,2.9664,8.748e-20,1.015,1,3.2589,55.322,-2.257,0
-0.0012614,2.982,7.7719e-20,1.0128,1,3.3298,55.329,-2.1865,0
-0.0011215,2.9976,6.7958e-20,1.0106,1,3.4006,55.336,-2.116,0
-0.00098318,3.0136,5.8234e-20,1.0084,1,3.4715,55.343,-2.0455,0
-0.00078806,3.0139,4.7104e-20,1.0063,1,3.5423,55.35,-1.975,0
-0.00059294,3.0142,3.5974e-20,1.0042,1,3.6132,55.357,-1.9045,0
-0.00039783,3.0145,2.4845e-20,1.002,1,3.684,55.364,-1.834,0
-0.00020271,3.0148,1.3715e-20,0.99991,1,3.7549,55.371,-1.7635,0
-7.5983e-06,3.0151,2.5852e-21,0.99778,1,3.8257,55.378,-1.693,0
0.00018752,3.0154,-8.5445e-21,0.99565,1,3.8966,55.385,-1.6225,0
0.00038263,3.0157,-1.9674e-20,0.99351,1,3.9674,55.392,-1.552,0
0.00041215,3.0157,-1.8027e-20,0.99026,1,4.0383,55.399,-1.4815,0
0.00017823,3.0156,-3.4122e-20,0.98732,1,4.1091,55.406,-1.411,0
-5.5692e-05,3.0155,-5.0217e-20,0.98439,1,4.18,55.413,-1.3405,0
-0.00028961,3.0155,-6.6312e-20,0.98146,1,4.2508,55.42,-1.27,0
-0.00052353,3.0154,-8.2407e-20,0.97853,1,4.3216,55.427,-1.1995,0
-0.00075745,3.0153,-9.8502e-20,0.9756,1,4.3925,55.434,-1.129,0
-0.00094396,3.001,-1.131e-19,0.97264,1,4.4633,55.441,-1.0585,0
-0.0011036,2.9786,-1.2686e-19,0.96967,1,4.5342,55.448,-0.988,0
-0.0012633,2.9562,-1.4061e-19,0.96671,1,4.605,55.455,-0.9175,0
-0.001423,2.9338,-1.5437e-19,0.96374,1,4.6759,55.462,-0.847,0
-0.0015826,2.9113,-1.6812e-19,0.96077,1,4.7467,55.469,-0.7765,0
-0.0017423,2.8889,-1.8187e-19,0.9578,1,4.8176,55.476,-0.706,0
-0.001902,2.8665,-1.9563e-19,0.95484,1,4.8884,55.483,-0.6355,0
-0.0020617,2.8441,-2.0938e-19,0.95187,1,4.9593,55.49,-0.565,0
-0.0022213,2.8217,-2.2314e-19,0.9489,1,5.0301,55.497,-0.4945,0
-0.002381,2.7993,-2.3689e-19,0.94594,1,5.101,55.504,-0.424,0
-0.0025407,2.7769,-2.5065e-19,0.94297,1,5.1718,55.511,-0.3535,0
-0.0026955,2.7546,-2.6398e-19,0.94001,1,5.2427,55.518,-0.283,0
-0.002677,2.7357,-2.6217e-19,0.93749,1,5.3135,55.525,-0.2125,0
-0.0026631,2.7165,-2.5775e-19,0.93481,1,5.3843,55.532,-0.142,0
-0.0026573,2.6968,-2.4872e-19,0.93187,1,5.4552,55.539,-0.0715,0
-0.0026515,2.6771,-2.3969e-19,0.92893,1,5.526,55.546,-0.001,0
-0.0026458,2.6574,-2.3067e-19,0.926,1,5.5969,55.553,0.0695,0
-0.00264,2.6377,-2.2164e-19,0.92306,1,5.6677,55.56,0.14,0
-0.0026342,2.618,-2.1261e-19,0.92012,1,5.7386,55.567,0.2105,0
-0.0026284,2.5983,-2.0359e-19,0.91718,1,5.8094,55.574,0.281,0
-0.0026227,2.5786,-1.9456e-19,0.91424,1,5.8803,55.581,0.3515,0
-0.0026169,2.5589,-1.8553e-19,0.9113,1,5.9511,55.588,0.422,0
-0.0026111,2.5392,-1.765e-19,0.90836,1,6.022,55.595,0.4925,0
-0.0026053,2.5195,-1.6748e-19,0.90542,1,6.0928,55.602,0.563,0
-0.0025995,2.4998,-1.5845e-19,0.90248,1,6.1637,55.609,0.6335,0
-0.0025938,2.4801,-1.4942e-19,0.89954,1,6.2345,55.616,0.704,0
-0.002588,2.4604,-1.404e-19,0.8966,1,6.3054,55.623,0.7745,0
-0.0025822,2.4407,-1.3137e-19,0.89366,1,6.3762,55.63,0.845,0
-0.0025764,2.421,-1.2234e-19,0.89072,1,6.447,55.637,0.9155,0
-0.0025604,2.4019,-1.1916e-19,0.8875,1,6.5179,55.644,0.986,0
-0.0025403,2.3831,-1.1823e-19,0.88416,1,6.5887,55.651,1.0565,0
-0.0025203,2.3643,-1.173e-19,0.88082,1,6.6596,55.658,1.127,0
-0.0025003,2.3455,-1.1636e-19,0.87748,1,6.7304,55.665,1.1975,0
-0.0024715,2.3278,-1.104e-19,0.8742,1,6.8013,55.672,1.268,0
-0.0024408,2.3102,-1.0338e-19,0.87094,1,6.8721,55.679,1.3385,0
-0.0024101,2.2927,-9.6347e-20,0.86768,1,6.943,55.686,1.409,0
-0.0023794,2.2751,-8.9317e-20,0.86441,1,7.0138,55.693,1.4795,0
-0.0023488,2.2576,-8.2288e-20,0.86115,1,7.0847,55.7,1.55,0
-0.0023181,2.24,-7.5259e-20,0.85789,1,7.1555,55.707,1.6205,0
-0.0022874,2.2225,-6.823e-20,0.85462,1,7.2264,55.714,1.691,0
-0.0022568,2.2049,-6.1201e-20,0.85136,1,7.2972,55.721,1.7615,0
-0.0022261,2.1874,-5.4172e-20,0.84809,1,7.3681,55.728,1.832,0
-0.0021954,2.1698,-4.7142e-20,0.84483,1,7.4389,55.735,1.9025,0
-0.0021648,2.1523,-4.0113e-20,0.84157,1,7.5097,55.742,1.973,0
-0.0021341,2.1348,-3.3084e-20,0.8383,1,7.5806,55.749,2.0435,0
-0.0021034,2.1172,-2.6055e-20,0.83504,1,7.6514,55.756,2.114,0
-0.0020764,2.0992,-2.1114e-20,0.83169,1,7.7223,55.763,2.1845,0
-0.0020576,2.0803,-2.0923e-20,0.82815,1,7.7931,55.77,2.255,0
-0.0020389,2.0613,-2.0733e-20,0.82462,1,7.864,55.777,2.3255,0
-0.0020202,2.0424,-2.0542e-20,0.82108,1,7.9348,55.784,2.396,0
-0.0020014,2.0234,-2.0352e-20,0.81754,1,8.0057,55.791,2.4665,0
-0.0019827,2.0045,-2.0161e-20,0.81401,1,8.0765,55.798,2.537,0
-0.0019143,1.9872,-2.1413e-20,0.81039,1,8.1474,55.805,2.6075,0
-0.0017756,1.9722,-2.4712e-20,0.80666,1,8.2182,55.812,2.678,0
-0.0016368,1.9572,-2.8012e-20,0.80293,1,8.2891,55.819,2.7485,0
-0.001498,1.9422,-3.1311e-20,0.79921,1,8.3599,55.826,2.819,0
-0.0013593,1.9272,-3.461e-20,0.79548,1,8.4308,55.833,2.8895,0
-0.0012205,1.9123,-3.7909e-20,0.79175,1,8.5016,55.84,2.96,0
-0.0010817,1.8973,-4.1209e-20,0.78802,1,8.5724,55.847,3.0305,0
-0.00094295,1.8823,-4.4508e-20,0.7843,1,8.6433,55.854,3.101,0
-0.00080418,1.8673,-4.7807e-20,0.78057,1,8.7141,55.861,3.1715,0
-0.00066541,1.8523,-5.1106e-20,0.77684,1,8.785,55.868,3.242,0
-0.00052665,1.8373,-5.4405e-20,0.77311,1,8.8558,55.875,3.3125,0
-0.00038788,1.8223,-5.7705e-20,0.76938,1,8.9267,55.882,3.383,0
-0.00038371,1.8029,-5.709e-20,0.76521,1,8.9975,55.889,3.4535,0
-0.00037957,1.7835,-5.6475e-20,0.76103,1,9.0684,55.896,3.524,0
-0.00037544,1.7641,-5.586e-20,0.75685,1,9.1392,55.903,3.5945,0
-0.0003713,1.7446,-5.5245e-20,0.75268,1,9.2101,55.91,3.665,0
-0.00036717,1.7252,-5.463e-20,0.7485,1,9.2809,55.917,3.7355,0
-0.00036303,1.7058,-5.4014e-20,0.74432,1,9.3518,55.924,3.806,0
-0.0003589,1.6863,-5.3399e-20,0.74015,1,9.4226,55.931,3.8765,0
-0.00035768,1.6687,-5.839e-20,0.73593,1,9.4935,55.938,3.947,0
-0.0003614,1.654,-7.2861e-20,0.73166,1,9.5643,55.945,4.0175,0
-0.00036512,1.6392,-8.7331e-20,0.72739,1,9.6351,55.952,4.088,0
-0.00036884,1.6245,-1.018e-19,0.72312,1,9.706,55.959,4.1585,0
-0.00037255,1.6098,-1.1627e-19,0.71885,1,9.7768,55.966,4.229,0
-0.00037627,1.5951,-1.3074e-19,0.71458,1,9.8477,55.973,4.2995,0
-0.00037999,1.5804,-1.4521e-19,0.71031,1,9.9185,55.98,4.37,0
-0.00038371,1.5657,-1.5968e-19,0.70604,1,9.9894,55.987,4.4405,0
-0.00038743,1.551,-1.7415e-19,0.70177,1,10.06,55.994,4.511,0
-0.00039094,1.5361,-1.8822e-19,0.69748,1,10.131,56.001,4.5815,0
-0.00038584,1.5161,-1.8577e-19,0.69229,1,10.202,56.008,4.652,0
-0.00038075,1.4961,-1.8332e-19,0.68709,1,10.273,56.015,4.7225,0
-0.00037566,1.4761,-1.8087e-19,0.68189,1,10.344,56.022,4.793,0
-0.00037057,1.4561,-1.7842e-19,0.6767,1,10.414,56.029,4.8635,0
-0.00036548,1.4361,-1.7597e-19,0.6715,1,10.485,56.036,4.934,0
-0.00036039,1.4161,-1.7352e-19,0.6663,1,10.556,56.043,5.0045,0
-0.0003553,1.3961,-1.7107e-19,0.66111,1,10.627,56.05,5.075,0
-0.00035021,1.3761,-1.6862e-19,0.65591,1,10.698,56.057,5.1455,0
-0.00034512,1.3561,-1.6617e-19,0.65071,1,10.769,56.064,5.216,0
0.00012739,1.3433,-1.3599e-19,0.64543,1,10.84,56.071,5.2865,0
0.00063755,1.331,-1.0359e-19,0.64014,1,10.91,56.078,5.357,0
0.0011477,1.3187,-7.1179e-20,0.63486,1,10.981,56.085,5.4275,0
0.0016579,1.3065,-3.8772e-20,0.62957,1,11.052,56.092,5.498,0
0.002168,1.2942,-6.365e-21,0.62428,1,11.123,56.099,5.5685,0
0.0026782,1.282,2.6042e-20,0.61899,1,11.194,56.106,5.639,0
0.0031883,1.2697,5.8449e-20,0.6137,1,11.265,56.113,5.7095,0
0.0033707,1.2524,7.1417e-20,0.60701,1,11.335,56.12,5.78,0
0.0033144,1.2315,7.0222e-20,0.59929,1,11.406,56.127,5.8505,0
0.003258,1.2105,6.9028e-20,0.59157,1,11.477,56.134,5.921,0
0.0032016,1.1896,6.7834e-20,0.58385,1,11.548,56.141,5.9915,0
0.0031453,1.1686,6.664e-20,0.57613,1,11.619,56.148,6.062,0
0.0030889,1.1477,6.5445e-20,0.56841,1,11.69,56.155,6.1325,0
0.0030325,1.1268,6.4251e-20,0.56069,1,11.761,56.162,6.203,0
0.0029762,1.1058,6.3057e-20,0.55297,1,11.831,56.169,6.2735,0
0.0029198,1.0849,6.1863e-20,0.54525,1,11.902,56.176,6.344,0
0.0028634,1.0639,6.0668e-20,0.53753,1,11.973,56.183,6.4145,0
0.003065,1.046,5.5672e-20,0.52967,1,12.044,56.19,6.485,0
0.0039554,1.0361,4.0521e-20,0.52144,1,12.115,56.197,6.5555,0
0.0048458,1.0263,2.537e-20,0.5132,1,12.186,56.204,6.626,0
0.0057362,1.0164,1.0218e-20,0.50496,1,12.256,56.211,6.6965,0
0.0066266,1.0065,-4.9332e-21,0.49673,1,12.327,56.218,6.767,0
0.007517,0.99666,-2.0085e-20,0.48849,1,12.398,56.225,6.8375,0
0.0075149,0.97635,-2.2078e-20,0.47601,1,12.469,56.232,6.908,0
0.0073433,0.95406,-2.1574e-20,0.46273,1,12.54,56.239,6.9785,0
0.0071718,0.93177,-2.107e-20,0.44945,1,12.611,56.246,7.049,0
0.0070002,0.90948,-2.0566e-20,0.43616,1,12.682,56.253,7.1195,0
0.0068286,0.88719,-2.0062e-20,0.42288,1,12.752,56.26,7.19,0
0.0066571,0.8649,-1.9558e-20,0.40959,1,12.823,56.267,7.2605,0
0.0064855,0.84261,-1.9054e-20,0.39631,1,12.894,56.274,7.331,0
0.0063139,0.82032,-1.855e-20,0.38302,1,12.965,56.281,7.4015,0
0.0061424,0.79803,-1.8046e-20,0.36974,1,13.036,56.288,7.472,0
0.0059708,0.77574,-1.7542e-20,0.35646,1,13.107,56.295,7.5425,0
0.0057992,0.75345,-1.7038e-20,0.34317,1,13.177,56.302,7.613,0
0.0071119,0.73989,-1.2873e-20,0.32959,1,13.248,56.309,7.6835,0
0.009526,0.73279,-5.9922e-21,0.3158,1,13.319,56.316,7.754,0
0.01194,0.7257,8.8875e-22,0.302,1,13.39,56.323,7.8245,0
0.014354,0.71861,7.7697e-21,0.28821,1,13.461,56.33,7.895,0
0.014003,0.69526,7.83e-21,0.26364,1,13.532,56.337,7.9655,0
0.013517,0.67112,7.5581e-21,0.23855,1,13.603,56.344,8.036,0
0.01303,0.64697,7.2862e-21,0.21346,1,13.673,56.351,8.1065,0
0.012544,0.62283,7.0143e-21,0.18837,1,13.744,56.358,8.177,0
0.012058,0.59869,6.7424e-21,0.16329,1,13.815,56.365,8.2475,0
0.011572,0.57454,6.4705e-21,0.1382,1,13.886,56.372,8.318,0
0.011085,0.5504,6.1986e-21,0.11311,1,13.957,56.379,8.3885,0
0.010599,0.52626,5.9268e-21,0.08802,1,14.028,56.386,8.459,0
0.010113,0.50212,5.6549e-21,0.062931,1,14.098,56.393,8.5295,0
0.0096266,0.47797,5.383e-21,0.037842,1,14.169,56.4,8.6,0
0.0091404,0.45383,5.1111e-21,0.012753,1,14.24,56.407,8.6705,0
0.0086541,0.42969,4.8392e-21,-0.012336,1,14.311,56.414,8.741,0
0.012576,0.42694,-2.4373e-21,-0.04033,1,14.382,56.421,8.8115,0
0.016587,0.42462,-9.8548e-21,-0.069029,1,14.453,56.428,8.882,0
0.015537,0.39774,-9.2311e-21,-0.11861,1,14.524,56.435,8.9525,0
0.014487,0.37087,-8.6074e-21,-0.16819,1,14.594,56.442,9.023,0
0.013438,0.34399,-7.9837e-21,-0.21777,1,14.665,56.449,9.0935,0
0.012388,0.31712,-7.36e-21,-0.26736,1,14.736,56.456,9.164,0
0.011338,0.29025,-6.7363e-21,-0.31694,1,14.807,56.463,9.2345,0
0.010288,0.26337,-6.1126e-21,-0.36652,1,14.878,56.47,9.305,0
0.0092385,0.2365,-5.4889e-21,-0.4161,1,14.949,56.477,9.3755,0
0.0081887,0.20963,-4.8652e-21,-0.46568,1,15.019,56.484,9.446,0
0.0071389,0.18275,-4.2415e-21,-0.51527,1,15.09,56.491,9.5165,0
0.0060892,0.15588,-3.6178e-21,-0.56485,1,15.161,56.498,9.587,0
0.0050394,0.12901,-2.9941e-21,-0.61443,1,15.232,56.505,9.6575,0
0.0039897,0.10213,-2.3704e-21,-0.66401,1,15.303,56.512,9.728,0
0.0059161,0.086336,5.1229e-22,-0.71905,1,15.374,56.519,9.7985,0
0.0038034,0.055505,3.2935e-22,-0.8121,1,15.445,56.526,9.869,0
0.0016908,0.024674,1.4641e-22,-0.90514,1,15.515,56.533,9.9395,0
nan,nan,nan,nan,0,15.586,56.54,10.01,0
nan,nan,nan,nan,0,15.657,56.547,10.08,0
nan,nan,nan,nan,0,15.728,56.554,10.151,0
nan,nan,nan,nan,0,15.799,56.561,10.222,0
nan,nan,nan,nan,0,15.87,56.568,10.292,0
nan,nan,nan,nan,0,15.941,56.575,10.363,0
nan,nan,nan,nan,0,16.011,56.582,10.433,0
nan,nan,nan,nan,0,16.082,56.589,10.503,0
nan,nan,nan,nan,0,16.153,56.596,10.574,0
nan,nan,nan,nan,0,16.224,56.603,10.644,0
nan,nan,nan,nan,0,16.295,56.61,10.715,0
nan,nan,nan,nan,0,16.366,56.617,10.785,0
nan,nan,nan,nan,0,16.436,56.624,10.856,0
nan,nan,nan,nan,0,16.507,56.631,10.927,0
nan,nan,nan,nan,0,16.578,56.638,10.997,0
nan,nan,nan,nan,0,16.649,56.645,11.068,0
nan,nan,nan,nan,0,16.72,56.652,11.138,0
nan,nan,nan,nan,0,16.791,56.659,11.208,0
nan,nan,nan,nan,0,16.862,56.666,11.279,0
nan,nan,nan,nan,0,16.932,56.673,11.349,0
nan,nan,nan,nan,0,17.003,56.68,11.42,0
nan,nan,nan,nan,0,17.074,56.687,11.491,0
nan,nan,nan,nan,0,17.145,56.694,11.561,0
nan,nan,nan,nan,0,17.216,56.701,11.632,0
0.034594,0.094705,-4.287e-21,-4.0684,1,17.287,56.708,11.702,0
0.09877,0.27039,-1.224e-20,-3.9299,1,17.357,56.715,11.773,0
0.16295,0.44608,-2.0193e-20,-3.7914,1,17.428,56.722,11.843,0
0.22712,0.62177,-2.8145e-20,-3.6529,1,17.499,56.729,11.913,0
0.2913,0.79746,-3.6098e-20,-3.5144,1,17.57,56.736,11.984,0
0.35547,0.97314,-4.4051e-20,-3.3759,1,17.641,56.743,12.054,0
0.41965,1.1488,-5.2004e-20,-3.2375,1,17.712,56.75,12.125,0
0.47531,1.2653,-5.846e-20,-3.0532,1,17.783,56.757,12.196,0
0.52559,1.3442,-6.3969e-20,-2.84,1,17.853,56.764,12.266,0
0.57587,1.4232,-6.9478e-20,-2.6267,1,17.924,56.771,12.337,0
0.62615,1.5021,-7.4987e-20,-2.4135,1,17.995,56.778,12.407,0
0.67643,1.5811,-8.0496e-20,-2.2003,1,18.066,56.785,12.477,0
0.72671,1.66,-8.6006e-20,-1.9871,1,18.137,56.792,12.548,0
0.77698,1.739,-9.1515e-20,-1.7739,1,18.208,56.799,12.618,0
0.82726,1.8179,-9.7024e-20,-1.5606,1,18.278,56.806,12.689,0
0.88049,1.9216,-1.031e-19,-1.3148,1,18.349,56.813,12.759,0
0.93573,2.0422,-1.0957e-19,-1.0468,1,18.42,56.82,12.83,0
0.99096,2.1627,-1.1604e-19,-0.77885,1,18.491,56.827,12.901,0
1.0271,2.2329,-1.1248e-19,-0.72304,1,18.562,56.834,12.971,0
1.0629,2.3021,-1.0874e-19,-0.67126,1,18.633,56.841,13.042,0
1.0876,2.3501,-1.0328e-19,-0.61865,1,18.704,56.848,13.112,0
1.0849,2.3457,-9.3581e-20,-0.56401,1,18.774,56.855,13.182,0
1.0823,2.3414,-8.3884e-20,-0.50937,1,18.845,56.862,13.253,0
1.0797,2.3371,-7.4187e-20,-0.45472,1,18.916,56.869,13.323,0
1.0771,2.3327,-6.449e-20,-0.40008,1,18.987,56.876,13.394,0
1.0744,2.3284,-5.4793e-20,-0.34544,1,19.058,56.883,13.465,0
1.0718,2.324,-4.5096e-20,-0.29079,1,19.129,56.89,13.535,0
1.0692,2.3197,-3.5399e-20,-0.23615,1,19.199,56.897,13.606,0
1.0666,2.3153,-2.5702e-20,-0.18151,1,19.27,56.904,13.676,0
1.0733,2.3312,-2.1333e-20,-0.14929,1,19.341,56.911,13.747,0
1.0853,2.3582,-1.9918e-20,-0.12952,1,19.412,56.918,13.817,0
1.0973,2.3852,-1.8503e-20,-0.10974,1,19.483,56.925,13.887,0
1.1093,2.4122,-1.7087e-20,-0.089959,1,19.554,56.932,13.958,0
1.1213,2.4392,-1.5672e-20,-0.07018,1,19.625,56.939,14.028,0
1.1333,2.4663,-1.4257e-20,-0.050402,1,19.695,56.946,14.099,0
1.1453,2.4933,-1.2842e-20,-0.030623,1,19.766,56.953,14.17,0
1.1518,2.5139,-1.1101e-20,-0.011171,1,19.837,56.96,14.24,0
1.1575,2.5334,-9.3074e-21,0.0082278,1,19.908,56.967,14.311,0
1.1631,2.553,-7.5141e-21,0.027627,1,19.979,56.974,14.381,0
1.1688,2.5725,-5.7208e-21,0.047026,1,20.05,56.981,14.451,0
1.1588,2.5546,-6.2013e-21,0.057543,1,20.12,56.988,14.522,0
1.1478,2.5344,-6.8276e-21,0.06749,1,20.191,56.995,14.592,0
1.1368,2.5141,-7.4539e-21,0.077438,1,20.262,57.002,14.663,0
1.1259,2.4938,-8.0802e-21,0.087385,1,20.333,57.009,14.733,0
1.1149,2.4736,-8.7065e-21,0.097333,1,20.404,57.016,14.804,0
1.1039,2.4533,-9.3328e-21,0.10728,1,20.475,57.023,14.875,0
1.0929,2.433,-9.959e-21,0.11723,1,20.546,57.03,14.945,0
1.0819,2.4127,-1.0585e-20,0.12717,1,20.616,57.037,15.016,0
1.0709,2.3925,-1.1212e-20,0.13712,1,20.687,57.044,15.086,0
1.06,2.3722,-1.1838e-20,0.14707,1,20.758,57.051,15.156,0
1.0579,2.3778,-8.7444e-21,0.16208,1,20.829,57.058,15.227,0
1.0564,2.3851,-5.3941e-21,0.17744,1,20.9,57.065,15.297,0
1.055,2.3925,-2.0438e-21,0.1928,1,20.971,57.072,15.368,0
1.0536,2.3998,1.3066e-21,0.20815,1,21.041,57.079,15.439,0
1.0521,2.4072,4.6569e-21,0.22351,1,21.112,57.086,15.509,0
1.0526,2.4179,6.3807e-21,0.23785,1,21.183,57.093,15.58,0
1.0682,2.4548,-4.7041e-21,0.24413,1,21.254,57.1,15.65,0
1.0839,2.4918,-1.5789e-20,0.25041,1,21.325,57.107,15.72,0
1.0995,2.5287,-2.6874e-20,0.25669,1,21.396,57.114,15.791,0
1.1152,2.5657,-3.7959e-20,0.26296,1,21.467,57.121,15.861,0
1.1308,2.6026,-4.9044e-20,0.26924,1,21.537,57.128,15.932,0
1.1465,2.6396,-6.0129e-20,0.27552,1,21.608,57.135,16.003,0
1.1452,2.6416,-6.3982e-20,0.27839,1,21.679,57.142,16.073,0
1.1391,2.634,-6.5835e-20,0.28032,1,21.75,57.149,16.143,0
1.1331,2.6264,-6.7688e-20,0.28224,1,21.821,57.156,16.214,0
1.1271,2.6188,-6.954e-20,0.28417,1,21.892,57.163,16.285,0
1.1211,2.6112,-7.1393e-20,0.28609,1,21.962,57.17,16.355,0
1.115,2.6036,-7.3246e-20,0.28802,1,22.033,57.177,16.426,0
1.109,2.596,-7.5099e-20,0.28994,1,22.104,57.184,16.496,0
1.103,2.5892,-7.5954e-20,0.29164,1,22.175,57.191,16.566,0
1.0975,2.5866,-7.1298e-20,0.29205,1,22.246,57.198,16.637,0
1.0919,2.5839,-6.6643e-20,0.29247,1,22.317,57.205,16.708,0
1.0863,2.5813,-6.1987e-20,0.29288,1,22.388,57.212,16.778,0
1.0808,2.5787,-5.7332e-20,0.2933,1,22.458,57.219,16.848,0
1.0752,2.5761,-5.2676e-20,0.29371,1,22.529,57.226,16.919,0
1.0696,2.5734,-4.8021e-20,0.29413,1,22.6,57.233,16.99,0
1.0641,2.5708,-4.3366e-20,0.29454,1,22.671,57.24,17.06,0
1.0585,2.5682,-3.871e-20,0.29496,1,22.742,57.247,17.131,0
1.0551,2.5654,-3.5242e-20,0.29853,1,22.813,57.254,17.201,0
1.0523,2.5625,-3.2135e-20,0.30306,1,22.883,57.261,17.271,0
1.0495,2.5596,-2.9028e-20,0.30759,1,22.954,57.268,17.342,0
1.0467,2.5567,-2.5921e-20,0.31212,1,23.025,57.275,17.413,0
1.0439,2.5538,-2.2814e-20,0.31665,1,23.096,57.282,17.483,0
1.0411,2.5509,-1.9707e-20,0.32118,1,23.167,57.289,17.553,0
1.0383,2.548,-1.6599e-20,0.32571,1,23.238,57.296,17.624,0
1.0355,2.5451,-1.3492e-20,0.33025,1,23.309,57.303,17.694,0
1.0327,2.5422,-1.0385e-20,0.33478,1,23.379,57.31,17.765,0
1.03,2.5393,-7.2783e-21,0.33931,1,23.45,57.317,17.836,0
1.0272,2.5364,-4.1713e-21,0.34384,1,23.521,57.324,17.906,0
1.0244,2.5335,-1.0643e-21,0.34837,1,23.592,57.331,17.976,0
1.0216,2.5306,2.0428e-21,0.3529,1,23.663,57.338,18.047,0
1.0188,2.5277,5.1498e-21,0.35743,1,23.734,57.345,18.118,0
1.016,2.5248,8.2569e-21,0.36196,1,23.804,57.352,18.188,0
1.0129,2.5213,4.6316e-21,0.36564,1,23.875,57.359,18.258,0
1.0094,2.5173,-4.7276e-21,0.36859,1,23.946,57.366,18.329,0
1.006,2.5133,-1.4087e-20,0.37155,1,24.017,57.373,18.399,0
1.0026,2.5092,-2.3446e-20,0.3745,1,24.088,57.38,18.47,0
0.99913,2.5052,-3.2805e-20,0.37746,1,24.159,57.387,18.541,0
0.9957,2.5012,-4.2164e-20,0.38041,1,24.23,57.394,18.611,0
0.99293,2.4985,-4.6317e-20,0.38287,1,24.3,57.401,18.681,0
0.99207,2.4993,-3.577e-20,0.38392,1,24.371,57.408,18.752,0
0.99121,2.5002,-2.5224e-20,0.38497,1,24.442,57.415,18.823,0
0.99035,2.5011,-1.4678e-20,0.38602,1,24.513,57.422,18.893,0
0.98948,2.502,-4.1325e-21,0.38707,1,24.584,57.429,18.963,0
0.98812,2.5027,3.0206e-21,0.38766,1,24.655,57.436,19.034,0
0.98604,2.5031,5.2916e-21,0.38759,1,24.725,57.443,19.104,0
0.98395,2.5036,7.5626e-21,0.38752,1,24.796,57.45,19.175,0
0.98187,2.5041,9.8337e-21,0.38744,1,24.867,57.457,19.246,0
0.97978,2.5046,1.2105e-20,0.38737,1,24.938,57.464,19.316,0
0.97752,2.5044,1.4158e-20,0.38728,1,25.009,57.471,19.386,0
0.97149,2.492,1.175e-20,0.38678,1,25.08,57.478,19.457,0
0.96546,2.4796,9.3423e-21,0.38629,1,25.151,57.485,19.528,0
0.95943,2.4671,6.9343e-21,0.3858,1,25.221,57.492,19.598,0
0.95341,2.4547,4.5262e-21,0.38531,1,25.292,57.499,19.669,0
0.94738,2.4422,2.1182e-21,0.38482,1,25.363,57.506,19.739,0
0.94135,2.4298,-2.8981e-22,0.38433,1,25.434,57.513,19.809,0
0.93532,2.4174,-2.6978e-21,0.38384,1,25.505,57.52,19.88,0
0.9293,2.4049,-5.1059e-21,0.38334,1,25.576,57.527,19.951,0
0.92327,2.3925,-7.5139e-21,0.38285,1,25.646,57.534,20.021,0
0.91724,2.38,-9.9219e-21,0.38236,1,25.717,57.541,20.091,0
0.91121,2.3676,-1.233e-20,0.38187,1,25.788,57.548,20.162,0
0.90518,2.3552,-1.4738e-20,0.38138,1,25.859,57.555,20.233,0
0.89916,2.3427,-1.7146e-20,0.38089,1,25.93,57.562,20.303,0
0.89313,2.3303,-1.9554e-20,0.3804,1,26.001,57.569,20.374,0
0.8871,2.3178,-2.1962e-20,0.3799,1,26.072,57.576,20.444,0
0.88107,2.3054,-2.437e-20,0.37941,1,26.142,57.583,20.514,0
0.87505,2.293,-2.6778e-20,0.37892,1,26.213,57.59,20.585,0
0.86902,2.2805,-2.9186e-20,0.37843,1,26.284,57.597,20.656,0
0.86299,2.2681,-3.1594e-20,0.37794,1,26.355,57.604,20.726,0
0.85696,2.2557,-3.4002e-20,0.37745,1,26.426,57.611,20.796,0
0.85294,2.2532,-3.609e-20,0.3766,1,26.497,57.618,20.867,0
0.85071,2.2596,-3.7891e-20,0.37544,1,26.567,57.625,20.938,0
0.84847,2.266,-3.9692e-20,0.37428,1,26.638,57.632,21.008,0
0.84624,2.2724,-4.1493e-20,0.37312,1,26.709,57.639,21.079,0
0.84401,2.2787,-4.3294e-20,0.37196,1,26.78,57.646,21.149,0
0.84177,2.2851,-4.5095e-20,0.3708,1,26.851,57.653,21.219,0
0.83954,2.2915,-4.6896e-20,0.36965,1,26.922,57.66,21.29,0
0.83731,2.2979,-4.8697e-20,0.36849,1,26.993,57.667,21.361,0
0.83507,2.3043,-5.0498e-20,0.36733,1,27.063,57.674,21.431,0
0.83284,2.3107,-5.2299e-20,0.36617,1,27.134,57.681,21.501,0
0.83061,2.3171,-5.41e-20,0.36501,1,27.205,57.688,21.572,0
0.82837,2.3235,-5.5901e-20,0.36385,1,27.276,57.695,21.642,0
0.82614,2.3299,-5.7702e-20,0.36269,1,27.347,57.702,21.713,0
0.82391,2.3363,-5.9503e-20,0.36153,1,27.418,57.709,21.784,0
0.82153,2.3418,-6.104e-20,0.36024,1,27.489,57.716,21.854,0
0.81801,2.3397,-6.0453e-20,0.3579,1,27.559,57.723,21.924,0
0.81449,2.3376,-5.9867e-20,0.35557,1,27.63,57.73,21.995,0
0.81096,2.3355,-5.928e-20,0.35324,1,27.701,57.737,22.066,0
0.80744,2.3334,-5.8694e-20,0.35091,1,27.772,57.744,22.136,0
0.80392,2.3313,-5.8107e-20,0.34857,1,27.843,57.751,22.206,0
0.80039,2.3292,-5.7521e-20,0.34624,1,27.914,57.758,22.277,0
0.79687,2.3272,-5.6935e-20,0.34391,1,27.984,57.765,22.347,0
0.79335,2.3251,-5.6348e-20,0.34158,1,28.055,57.772,22.418,0
0.78983,2.3234,-5.6016e-20,0.33964,1,28.126,57.779,22.489,0
0.78636,2.326,-5.8443e-20,0.34196,1,28.197,57.786,22.559,0
0.78289,2.3287,-6.087e-20,0.34428,1,28.268,57.793,22.629,0
0.77942,2.3313,-6.3296e-20,0.3466,1,28.339,57.8,22.7,0
0.77595,2.334,-6.5723e-20,0.34892,1,28.41,57.807,22.771,0
0.77248,2.3366,-6.8149e-20,0.35124,1,28.48,57.814,22.841,0
0.76901,2.3392,-7.0576e-20,0.35356,1,28.551,57.821,22.912,0
0.76554,2.3419,-7.3003e-20,0.35588,1,28.622,57.828,22.982,0
0.76207,2.3445,-7.5429e-20,0.3582,1,28.693,57.835,23.052,0
0.7586,2.3472,-7.7856e-20,0.36052,1,28.764,57.842,23.123,0
0.75513,2.3498,-8.0283e-20,0.36284,1,28.835,57.849,23.194,0
0.75166,2.3525,-8.2709e-20,0.36516,1,28.905,57.856,23.264,0
0.74819,2.3551,-8.5136e-20,0.36748,1,28.976,57.863,23.334,0
0.74472,2.3577,-8.7562e-20,0.3698,1,29.047,57.87,23.405,0
0.74125,2.3604,-8.9989e-20,0.37212,1,29.118,57.877,23.476,0
0.73778,2.363,-9.2416e-20,0.37444,1,29.189,57.884,23.546,0
0.73431,2.3657,-9.4842e-20,0.37676,1,29.26,57.891,23.617,0
0.73084,2.3683,-9.7269e-20,0.37908,1,29.331,57.898,23.687,0
0.72737,2.371,-9.9695e-20,0.3814,1,29.401,57.905,23.757,0
0.7239,2.3736,-1.0212e-19,0.38372,1,29.472,57.912,23.828,0
0.72006,2.3745,-1.0175e-19,0.38479,1,29.543,57.919,23.899,0
0.71579,2.3736,-9.8288e-20,0.38447,1,29.614,57.926,23.969,0
0.71153,2.3726,-9.4826e-20,0.38415,1,29.685,57.933,24.039,0
0.70726,2.3717,-9.1364e-20,0.38384,1,29.756,57.94,24.11,0
0.703,2.3708,-8.7901e-20,0.38352,1,29.826,57.947,24.181,0
0.69874,2.3698,-8.4439e-20,0.3832,1,29.897,57.954,24.251,0
0.69447,2.3689,-8.0976e-20,0.38289,1,29.968,57.961,24.322,0
0.68977,2.3672,-7.6464e-20,0.38328,1,30.039,57.968,24.392,0
0.68432,2.3644,-7.013e-20,0.3849,1,30.11,57.975,24.462,0
0.67886,2.3615,-6.3796e-20,0.38652,1,30.181,57.982,24.533,0
0.67341,2.3587,-5.7462e-20,0.38814,1,30.252,57.989,24.604,0
0.66795,2.3558,-5.1128e-20,0.38976,1,30.322,57.996,24.674,0
0.6625,2.3529,-4.4794e-20,0.39138,1,30.393,58.003,24.744,0
0.65704,2.3501,-3.846e-20,0.39301,1,30.464,58.01,24.815,0
0.65159,2.3472,-3.2126e-20,0.39463,1,30.535,58.017,24.885,0
0.64613,2.3444,-2.5792e-20,0.39625,1,30.606,58.024,24.956,0
0.64068,2.3415,-1.9458e-20,0.39787,1,30.677,58.031,25.027,0
0.63522,2.3387,-1.3124e-20,0.39949,1,30.747,58.038,25.097,0
0.62977,2.3358,-6.7902e-21,0.40111,1,30.818,58.045,25.167,0
0.62431,2.3329,-4.5604e-22,0.40273,1,30.889,58.052,25.238,0
0.61886,2.3301,5.8779e-21,0.40436,1,30.96,58.059,25.309,0
0.6134,2.3272,1.2212e-20,0.40598,1,31.031,58.066,25.379,0
0.60795,2.3244,1.8546e-20,0.4076,1,31.102,58.073,25.449,0
0.60249,2.3215,2.488e-20,0.40922,1,31.173,58.08,25.52,0
0.59704,2.3187,3.1214e-20,0.41084,1,31.243,58.087,25.59,0
0.59158,2.3158,3.7548e-20,0.41246,1,31.314,58.094,25.661,0
0.58612,2.3129,4.3882e-20,0.41408,1,31.385,58.101,25.732,0
0.58067,2.3101,5.0216e-20,0.41571,1,31.456,58.108,25.802,0
0.57521,2.3072,5.655e-20,0.41733,1,31.527,58.115,25.872,0
0.56976,2.3044,6.2884e-20,0.41895,1,31.598,58.122,25.943,0
0.56484,2.3014,6.5391e-20,0.41807,1,31.668,58.129,26.014,0
0.56036,2.2983,6.467e-20,0.41507,1,31.739,58.136,26.084,0
0.55588,2.2952,6.3949e-20,0.41208,1,31.81,58.143,26.154,0
0.55141,2.2921,6.3228e-20,0.40909,1,31.881,58.15,26.225,0
0.54693,2.289,6.2507e-20,0.40609,1,31.952,58.157,26.295,0
0.54246,2.2859,6.1786e-20,0.4031,1,32.023,58.164,26.366,0
0.53798,2.2828,6.1064e-20,0.40011,1,32.094,58.171,26.437,0
0.5335,2.2797,6.0343e-20,0.39711,1,32.164,58.178,26.507,0
0.52903,2.2766,5.9622e-20,0.39412,1,32.235,58.185,26.577,0
0.52455,2.2735,5.8901e-20,0.39113,1,32.306,58.192,26.648,0
0.52008,2.2704,5.818e-20,0.38813,1,32.377,58.199,26.719,0
0.5156,2.2673,5.7459e-20,0.38514,1,32.448,58.206,26.789,0
0.51112,2.2642,5.6737e-20,0.38215,1,32.519,58.213,26.86,0
0.50665,2.2611,5.6016e-20,0.37916,1,32.589,58.22,26.93,0
0.50217,2.258,5.5295e-20,0.37616,1,32.66,58.227,27,0
0.4977,2.2549,5.4574e-20,0.37317,1,32.731,58.234,27.071,0
0.49322,2.2518,5.3853e-20,0.37018,1,32.802,58.241,27.142,0
0.48875,2.2487,5.3132e-20,0.36718,1,32.873,58.248,27.212,0
0.48427,2.2456,5.241e-20,0.36419,1,32.944,58.255,27.282,0
0.47979,2.2424,5.1689e-20,0.3612,1,33.015,58.262,27.353,0
0.47532,2.2393,5.0968e-20,0.3582,1,33.085,58.269,27.424,0
0.47084,2.2362,5.0247e-20,0.35521,1,33.156,58.276,27.494,0
0.46637,2.2331,4.9526e-20,0.35222,1,33.227,58.283,27.565,0
0.46189,2.23,4.8805e-20,0.34922,1,33.298,58.29,27.635,0
0.45741,2.2269,4.8083e-20,0.34623,1,33.369,58.297,27.705,0
0.45361,2.2233,4.6021e-20,0.34539,1,33.44,58.304,27.776,0
0.45012,2.2195,4.3342e-20,0.34554,1,33.51,58.311,27.847,0
0.44663,2.2156,4.0662e-20,0.34569,1,33.581,58.318,27.917,0
0.44315,2.2117,3.7983e-20,0.34584,1,33.652,58.325,27.987,0
0.43966,2.2079,3.5303e-20,0.34599,1,33.723,58.332,28.058,0
0.43617,2.204,3.2623e-20,0.34614,1,33.794,58.339,28.128,0
0.43268,2.2002,2.9944e-20,0.34629,1,33.865,58.346,28.199,0
0.42919,2.1963,2.7264e-20,0.34644,1,33.936,58.353,28.27,0
0.4257,2.1924,2.4585e-20,0.34659,1,34.006,58.36,28.34,0
0.42221,2.1886,2.1905e-20,0.34674,1,34.077,58.367,28.41,0
0.41872,2.1847,1.9226e-20,0.34689,1,34.148,58.374,28.481,0
0.41523,2.1809,1.6546e-20,0.34704,1,34.219,58.381,28.552,0
0.41174,2.177,1.3867e-20,0.34719,1,34.29,58.388,28.622,0
0.40825,2.1731,1.1187e-20,0.34734,1,34.361,58.395,28.692,0
0.40429,2.173,1.6325e-20,0.34706,1,34.431,58.402,28.763,0
0.40021,2.1737,2.3242e-20,0.34668,1,34.502,58.409,28.833,0
0.39614,2.1743,3.016e-20,0.3463,1,34.573,58.416,28.904,0
0.39207,2.175,3.7078e-20,0.34593,1,34.644,58.423,28.975,0
0.388,2.1757,4.3996e-20,0.34555,1,34.715,58.43,29.045,0
0.38393,2.1764,5.0913e-20,0.34517,1,34.786,58.437,29.115,0
0.37986,2.177,5.7831e-20,0.34479,1,34.857,58.444,29.186,0
0.37579,2.1777,6.4749e-20,0.34441,1,34.927,58.451,29.257,0
0.37171,2.1784,7.1667e-20,0.34404,1,34.998,58.458,29.327,0
0.36764,2.1791,7.8585e-20,0.34366,1,35.069,58.465,29.397,0
0.36332,2.1779,8.4595e-20,0.34381,1,35.14,58.472,29.468,0
0.35856,2.1736,8.9003e-20,0.3449,1,35.211,58.479,29.538,0
0.35379,2.1693,9.3411e-20,0.34598,1,35.282,58.486,29.609,0
0.34903,2.165,9.7818e-20,0.34707,1,35.352,58.493,29.68,0
0.34427,2.1606,1.0223e-19,0.34816,1,35.423,58.5,29.75,0
0.3395,2.1563,1.0663e-19,0.34924,1,35.494,58.507,29.82,0
0.33474,2.152,1.1104e-19,0.35033,1,35.565,58.514,29.891,0
0.32998,2.1477,1.1545e-19,0.35142,1,35.636,58.521,29.962,0
0.32521,2.1434,1.1986e-19,0.3525,1,35.707,58.528,30.032,0
0.32045,2.139,1.2426e-19,0.35359,1,35.778,58.535,30.103,0
0.31569,2.1347,1.2867e-19,0.35468,1,35.848,58.542,30.173,0
0.31092,2.1304,1.3308e-19,0.35576,1,35.919,58.549,30.243,0
0.30663,2.129,1.3325e-19,0.35566,1,35.99,58.556,30.314,0
0.30314,2.1325,1.2625e-19,0.35354,1,36.061,58.563,30.385,0
0.29965,2.1359,1.1925e-19,0.35142,1,36.132,58.57,30.455,0
0.29616,2.1394,1.1225e-19,0.3493,1,36.203,58.577,30.525,0
0.29267,2.1429,1.0525e-19,0.34719,1,36.273,58.584,30.596,0
0.28919,2.1464,9.8247e-20,0.34507,1,36.344,58.591,30.667,0
0.2857,2.1499,9.1246e-20,0.34295,1,36.415,58.598,30.737,0
0.28221,2.1534,8.4246e-20,0.34083,1,36.486,58.605,30.808,0
0.27872,2.1569,7.7245e-20,0.33871,1,36.557,58.612,30.878,0
0.27523,2.1604,7.0244e-20,0.33659,1,36.628,58.619,30.948,0
0.27174,2.1639,6.3243e-20,0.33448,1,36.699,58.626,31.019,0
0.26825,2.1674,5.6242e-20,0.33236,1,36.769,58.633,31.09,0
0.26476,2.1709,4.9241e-20,0.33024,1,36.84,58.64,31.16,0
0.26127,2.1744,4.2241e-20,0.32812,1,36.911,58.647,31.23,0
0.25778,2.1778,3.524e-20,0.326,1,36.982,58.654,31.301,0
0.25429,2.1813,2.8239e-20,0.32388,1,37.053,58.661,31.372,0
0.25081,2.1848,2.1238e-20,0.32177,1,37.124,58.668,31.442,0
0.24732,2.1883,1.4237e-20,0.31965,1,37.194,58.675,31.513,0
0.24383,2.1918,7.2362e-21,0.31753,1,37.265,58.682,31.583,0
0.24034,2.1953,2.3535e-22,0.31541,1,37.336,58.689,31.653,0
0.23685,2.1988,-6.7656e-21,0.31329,1,37.407,58.696,31.724,0
0.23336,2.2023,-1.3766e-20,0.31117,1,37.478,58.703,31.795,0
0.22987,2.2058,-2.0767e-20,0.30905,1,37.549,58.71,31.865,0
0.22638,2.2093,-2.7768e-20,0.30694,1,37.62,58.717,31.935,0
0.22289,2.2128,-3.4769e-20,0.30482,1,37.69,58.724,32.006,0
0.2199,2.2141,-4.2636e-20,0.3038,1,37.761,58.731,32.076,0
0.21712,2.2148,-5.0129e-20,0.30306,1,37.832,58.738,32.147,0
0.21518,2.216,-4.7837e-20,0.30107,1,37.903,58.745,32.217,0
0.21326,2.2187,-4.577e-20,0.29916,1,37.974,58.752,32.288,0
0.21134,2.2215,-4.3703e-20,0.29726,1,38.045,58.759,32.359,0
0.20942,2.2242,-4.1637e-20,0.29536,1,38.116,58.766,32.429,0
0.2075,2.2269,-3.957e-20,0.29346,1,38.186,58.773,32.5,0
0.20558,2.2297,-3.7504e-20,0.29155,1,38.257,58.78,32.57,0
0.20367,2.2324,-3.5437e-20,0.28965,1,38.328,58.787,32.64,0
0.20175,2.2351,-3.337e-20,0.28775,1,38.399,58.794,32.711,0
0.19983,2.2379,-3.1304e-20,0.28584,1,38.47,58.801,32.782,0
0.19791,2.2406,-2.9237e-20,0.28394,1,38.541,58.808,32.852,0
0.19599,2.2433,-2.717e-20,0.28204,1,38.611,58.815,32.923,0
0.19407,2.2461,-2.5104e-20,0.28014,1,38.682,58.822,32.993,0
0.19215,2.2488,-2.3037e-20,0.27823,1,38.753,58.829,33.063,0
0.19023,2.2515,-2.0971e-20,0.27633,1,38.824,58.836,33.134,0
0.18831,2.2543,-1.8904e-20,0.27443,1,38.895,58.843,33.204,0
0.18639,2.257,-1.6837e-20,0.27252,1,38.966,58.85,33.275,0
0.18447,2.2597,-1.4771e-20,0.27062,1,39.037,58.857,33.346,0
0.18255,2.2625,-1.2704e-20,0.26872,1,39.107,58.864,33.416,0
0.18063,2.2652,-1.0638e-20,0.26682,1,39.178,58.871,33.486,0
0.17871,2.2679,-8.5711e-21,0.26491,1,39.249,58.878,33.557,0
0.17679,2.2707,-6.5045e-21,0.26301,1,39.32,58.885,33.627,0
0.17488,2.2734,-4.4378e-21,0.26111,1,39.391,58.892,33.698,0
0.17296,2.2761,-2.3712e-21,0.2592,1,39.462,58.899,33.769,0
0.17104,2.2789,-3.0464e-22,0.2573,1,39.532,58.906,33.839,0
0.16912,2.2816,1.7619e-21,0.2554,1,39.603,58.913,33.91,0
0.1672,2.2843,3.8285e-21,0.2535,1,39.674,58.92,33.98,0
0.16528,2.2871,5.8951e-21,0.25159,1,39.745,58.927,34.05,0
0.16336,2.2898,7.9617e-21,0.24969,1,39.816,58.934,34.121,0
0.16144,2.2925,1.0028e-20,0.24779,1,39.887,58.941,34.192,0
0.15952,2.2953,1.2095e-20,0.24588,1,39.958,58.948,34.262,0
0.1576,2.298,1.4162e-20,0.24398,1,40.028,58.955,34.333,0
0.15568,2.3007,1.6228e-20,0.24208,1,40.099,58.962,34.403,0
0.15376,2.3035,1.8295e-20,0.24018,1,40.17,58.969,34.473,0
0.15184,2.3062,2.0361e-20,0.23827,1,40.241,58.976,34.544,0
0.14992,2.3089,2.2428e-20,0.23637,1,40.312,58.983,34.614,0
0.148,2.3117,2.4495e-20,0.23447,1,40.383,58.99,34.685,0
0.14608,2.3144,2.6561e-20,0.23256,1,40.453,58.997,34.756,0
0.14417,2.3171,2.8628e-20,0.23066,1,40.524,59.004,34.826,0
0.14225,2.3199,3.0694e-20,0.22876,1,40.595,59.011,34.896,0
0.14033,2.3226,3.2761e-20,0.22686,1,40.666,59.018,34.967,0
0.13841,2.3253,3.4828e-20,0.22495,1,40.737,59.025,35.037,0
0.13662,2.3277,3.5603e-20,0.22264,1,40.808,59.032,35.108,0
0.13493,2.3299,3.5438e-20,0.22001,1,40.879,59.039,35.179,0
0.13324,2.332,3.5273e-20,0.21739,1,40.949,59.046,35.249,0
0.1315,2.3295,3.3544e-20,0.21363,1,41.02,59.053,35.319,0
0.12976,2.3265,3.1624e-20,0.20972,1,41.091,59.06,35.39,0
0.12801,2.3234,2.9704e-20,0.20581,1,41.162,59.067,35.46,0
0.12627,2.3203,2.7784e-20,0.20191,1,41.233,59.074,35.531,0
0.12453,2.3173,2.5864e-20,0.198,1,41.304,59.081,35.602,0
0.12278,2.3142,2.3945e-20,0.1941,1,41.374,59.088,35.672,0
0.12104,2.3112,2.2025e-20,0.19019,1,41.445,59.095,35.743,0
0.11929,2.3081,2.0105e-20,0.18628,1,41.516,59.102,35.813,0
0.11755,2.305,1.8185e-20,0.18238,1,41.587,59.109,35.883,0
0.11581,2.302,1.6265e-20,0.17847,1,41.658,59.116,35.954,0
0.11406,2.2989,1.4346e-20,0.17456,1,41.729,59.123,36.025,0
0.11232,2.2958,1.2426e-20,0.17066,1,41.8,59.13,36.095,0
0.11058,2.2928,1.0506e-20,0.16675,1,41.87,59.137,36.166,0
0.10883,2.2897,8.5861e-21,0.16285,1,41.941,59.144,36.236,0
0.10709,2.2867,6.6663e-21,0.15894,1,42.012,59.151,36.306,0
0.10534,2.2836,4.7465e-21,0.15503,1,42.083,59.158,36.377,0
0.1036,2.2805,2.8267e-21,0.15113,1,42.154,59.165,36.447,0
0.10186,2.2775,9.0679e-22,0.14722,1,42.225,59.172,36.518,0
0.10011,2.2744,-1.013e-21,0.14331,1,42.295,59.179,36.589,0
0.098446,2.2751,-1.9733e-21,0.14127,1,42.366,59.186,36.659,0
0.096897,2.2815,-1.4788e-21,0.14206,1,42.437,59.193,36.729,0
0.095347,2.2879,-9.8438e-22,0.14285,1,42.508,59.2,36.8,0
0.093798,2.2943,-4.8992e-22,0.14364,1,42.579,59.207,36.87,0
0.092248,2.3007,4.5616e-24,0.14442,1,42.65,59.214,36.941,0
0.090699,2.3071,4.9902e-22,0.14521,1,42.721,59.221,37.012,0
0.089149,2.3135,9.9347e-22,0.146,1,42.791,59.228,37.082,0
0.0876,2.3199,1.4879e-21,0.14678,1,42.862,59.235,37.153,0
0.08605,2.3263,1.9824e-21,0.14757,1,42.933,59.242,37.223,0
0.084501,2.3327,2.4768e-21,0.14836,1,43.004,59.249,37.293,0
0.082951,2.3391,2.9713e-21,0.14915,1,43.075,59.256,37.364,0
0.081402,2.3455,3.4658e-21,0.14993,1,43.146,59.263,37.435,0
0.079949,2.3508,3.7854e-21,0.15048,1,43.216,59.27,37.505,0
0.078869,2.3518,3.4315e-21,0.15012,1,43.287,59.277,37.576,0
0.07779,2.3528,3.0775e-21,0.14976,1,43.358,59.284,37.646,0
0.07671,2.3538,2.7236e-21,0.1494,1,43.429,59.291,37.716,0
0.07563,2.3548,2.3697e-21,0.14904,1,43.5,59.298,37.787,0
0.074551,2.3559,2.0158e-21,0.14868,1,43.571,59.305,37.857,0
0.073471,2.3569,1.6619e-21,0.14832,1,43.642,59.312,37.928,0
0.072391,2.3579,1.3079e-21,0.14796,1,43.712,59.319,37.999,0
0.071311,2.3589,9.5402e-22,0.1476,1,43.783,59.326,38.069,0
0.070232,2.3599,6.0011e-22,0.14724,1,43.854,59.333,38.139,0
0.069152,2.3609,2.4619e-22,0.14688,1,43.925,59.34,38.21,0
0.068072,2.362,-1.0773e-22,0.14652,1,43.996,59.347,38.28,0
0.066992,2.363,-4.6166e-22,0.14616,1,44.067,59.354,38.351,0
0.065913,2.364,-8.1558e-22,0.1458,1,44.137,59.361,38.422,0
0.064833,2.365,-1.1695e-21,0.14544,1,44.208,59.368,38.492,0
0.063763,2.3661,-1.5029e-21,0.14501,1,44.279,59.375,38.562,0
0.062892,2.3683,-1.3979e-21,0.14306,1,44.35,59.382,38.633,0
0.062022,2.3706,-1.2929e-21,0.14111,1,44.421,59.389,38.703,0
0.061152,2.3728,-1.1879e-21,0.13915,1,44.492,59.396,38.774,0
0.060281,2.3751,-1.0829e-21,0.1372,1,44.563,59.403,38.845,0
0.059411,2.3773,-9.7792e-22,0.13525,1,44.633,59.41,38.915,0
0.058541,2.3796,-8.7293e-22,0.1333,1,44.704,59.417,38.986,0
0.057671,2.3818,-7.6794e-22,0.13135,1,44.775,59.424,39.056,0
0.0568,2.3841,-6.6295e-22,0.1294,1,44.846,59.431,39.126,0
0.05593,2.3863,-5.5795e-22,0.12745,1,44.917,59.438,39.197,0
0.05506,2.3885,-4.5295e-22,0.1255,1,44.988,59.445,39.268,0
0.05419,2.3908,-3.4796e-22,0.12355,1,45.058,59.452,39.338,0
0.053319,2.393,-2.4297e-22,0.1216,1,45.129,59.459,39.409,0
0.052449,2.3953,-1.3797e-22,0.11964,1,45.2,59.466,39.479,0
0.051579,2.3975,-3.298e-23,0.11769,1,45.271,59.473,39.549,0
0.050709,2.3998,7.2012e-23,0.11574,1,45.342,59.48,39.62,0
0.049838,2.402,1.77e-22,0.11379,1,45.413,59.487,39.69,0
0.048968,2.4043,2.8201e-22,0.11184,1,45.484,59.494,39.761,0
0.048098,2.4065,3.87e-22,0.10989,1,45.554,59.501,39.832,0
0.047227,2.4088,4.9199e-22,0.10794,1,45.625,59.508,39.902,0
0.046357,2.411,5.9698e-22,0.10599,1,45.696,59.515,39.972,0
0.045487,2.4133,7.0198e-22,0.10404,1,45.767,59.522,40.043,0
0.044617,2.4155,8.0697e-22,0.10209,1,45.838,59.529,40.113,0
0.043746,2.4178,9.1196e-22,0.10013,1,45.909,59.536,40.184,0
0.042876,2.42,1.017e-21,0.098183,1,45.979,59.543,40.255,0
0.042006,2.4223,1.122e-21,0.096232,1,46.05,59.55,40.325,0
0.041171,2.4211,8.1434e-22,0.094627,1,46.121,59.557,40.396,0
0.040354,2.4184,3.0316e-22,0.093194,1,46.192,59.564,40.466,0
0.039536,2.4156,-2.0802e-22,0.091761,1,46.263,59.571,40.536,0
0.038719,2.4128,-7.192e-22,0.090327,1,46.334,59.578,40.607,0
0.037901,2.41,-1.2304e-21,0.088894,1,46.405,59.585,40.678,0
0.037084,2.4072,-1.7416e-21,0.08746,1,46.475,59.592,40.748,0
0.036266,2.4044,-2.2528e-21,0.086027,1,46.546,59.599,40.819,0
0.035327,2.406,-2.5917e-21,0.084573,1,46.617,59.606,40.889,0
0.03423,2.4131,-2.706e-21,0.083093,1,46.688,59.613,40.959,0
0.033133,2.4203,-2.8203e-21,0.081613,1,46.759,59.62,41.03,0
0.032035,2.4274,-2.9346e-21,0.080133,1,46.83,59.627,41.1,0
0.030938,2.4345,-3.0489e-21,0.078652,1,46.9,59.634,41.171,0
0.030028,2.4382,-2.5931e-21,0.077101,1,46.971,59.641,41.242,0
0.029206,2.4402,-1.8747e-21,0.075517,1,47.042,59.648,41.312,0
0.028384,2.4422,-1.1564e-21,0.073933,1,47.113,59.655,41.382,0
0.027561,2.4442,-4.3806e-22,0.072349,1,47.184,59.662,41.453,0
0.026739,2.4463,2.8027e-22,0.070765,1,47.255,59.669,41.523,0
0.025916,2.4483,9.9864e-22,0.06918,1,47.326,59.676,41.594,0
0.025094,2.4503,1.717e-21,0.067596,1,47.396,59.683,41.665,0
0.024271,2.4523,2.4353e-21,0.066012,1,47.467,59.69,41.735,0
0.023449,2.4543,3.1536e-21,0.064428,1,47.538,59.697,41.806,0
0.022627,2.4564,3.872e-21,0.062844,1,47.609,59.704,41.876,0
0.021804,2.4584,4.5903e-21,0.06126,1,47.68,59.711,41.946,0
0.020982,2.4604,5.3087e-21,0.059676,1,47.751,59.718,42.017,0
0.020159,2.4624,6.027e-21,0.058092,1,47.821,59.725,42.088,0
0.019337,2.4644,6.7454e-21,0.056507,1,47.892,59.732,42.158,0
0.018514,2.4665,7.4637e-21,0.054923,1,47.963,59.739,42.229,0
0.017692,2.4685,8.182e-21,0.053339,1,48.034,59.746,42.299,0
0.01687,2.4705,8.9004e-21,0.051755,1,48.105,59.753,42.369,0
0.016047,2.4725,9.6187e-21,0.050171,1,48.176,59.76,42.44,0
0.015225,2.4745,1.0337e-20,0.048587,1,48.247,59.767,42.511,0
0.014402,2.4766,1.1055e-20,0.047003,1,48.317,59.774,42.581,0
0.01358,2.4786,1.1774e-20,0.045419,1,48.388,59.781,42.652,0
0.012757,2.4806,1.2492e-20,0.043834,1,48.459,59.788,42.722,0
0.011935,2.4826,1.321e-20,0.04225,1,48.53,59.795,42.792,0
0.011185,2.4845,1.3793e-20,0.040872,1,48.601,59.802,42.863,0
0.010796,2.4859,1.3704e-20,0.040517,1,48.672,59.809,42.933,0
0.010408,2.4872,1.3614e-20,0.040161,1,48.743,59.816,43.004,0
0.010019,2.4886,1.3525e-20,0.039806,1,48.813,59.823,43.075,0
0.0096299,2.49,1.3435e-20,0.03945,1,48.884,59.83,43.145,0
0.0092411,2.4913,1.3346e-20,0.039094,1,48.955,59.837,43.215,0
0.0088522,2.4927,1.3256e-20,0.038739,1,49.026,59.844,43.286,0
0.0084634,2.494,1.3167e-20,0.038383,1,49.097,59.851,43.356,0
0.0080746,2.4954,1.3077e-20,0.038028,1,49.168,59.858,43.427,0
0.0076858,2.4968,1.2988e-20,0.037672,1,49.238,59.865,43.498,0
0.007297,2.4981,1.2898e-20,0.037317,1,49.309,59.872,43.568,0
0.0068969,2.4964,1.2538e-20,0.036856,1,49.38,59.879,43.639,0
0.006466,2.4863,1.1439e-20,0.036108,1,49.451,59.886,43.709,0
0.0060352,2.4762,1.0341e-20,0.03536,1,49.522,59.893,43.779,0
0.0056044,2.4661,9.2422e-21,0.034613,1,49.593,59.9,43.85,0
0.0051736,2.456,8.1436e-21,0.033865,1,49.664,59.907,43.921,0
0.0047427,2.4459,7.0451e-21,0.033117,1,49.734,59.914,43.991,0
0.0043119,2.4359,5.9465e-21,0.03237,1,49.805,59.921,44.062,0
0.0038811,2.4258,4.848e-21,0.031622,1,49.876,59.928,44.132,0
0.0034503,2.4157,3.7494e-21,0.030874,1,49.947,59.935,44.202,0
0.0030195,2.4056,2.6509e-21,0.030126,1,50.018,59.942,44.273,0
0.0025886,2.3955,1.5523e-21,0.029379,1,50.089,59.949,44.343,0
0.0021578,2.3854,4.5373e-22,0.028631,1,50.159,59.956,44.414,0
0.001727,2.3753,-6.4481e-22,0.027883,1,50.23,59.963,44.485,0
0.0013606,2.37,-1.2154e-21,0.027131,1,50.301,59.97,44.555,0
0.0010652,2.3699,-1.2045e-21,0.026373,1,50.372,59.977,44.625,0
0.00076987,2.3698,-1.1935e-21,0.025616,1,50.443,59.984,44.696,0
0.0004745,2.3697,-1.1826e-21,0.024859,1,50.514,59.991,44.766,0
0.00017911,2.3697,-1.1716e-21,0.024101,1,50.585,59.998,44.837,0
-0.00011626,2.3696,-1.1607e-21,0.023344,1,50.655,60.005,44.908,0
-0.00041162,2.3695,-1.1498e-21,0.022586,1,50.726,60.012,44.978,0
-0.00070699,2.3694,-1.1388e-21,0.021829,1,50.797,60.019,45.049,0
-0.0011346,2.3737,-1.0782e-21,0.021064,1,50.868,60.026,45.119,0
-0.0016561,2.3812,-9.8239e-22,0.020295,1,50.939,60.033,45.189,0
-0.0021775,2.3887,-8.8656e-22,0.019526,1,51.01,60.04,45.26,0
-0.0026991,2.3961,-7.9072e-22,0.018757,1,51.08,60.047,45.331,0
-0.0032205,2.4036,-6.9489e-22,0.017988,1,51.151,60.054,45.401,0
-0.003742,2.4111,-5.9906e-22,0.017218,1,51.222,60.061,45.472,0
-0.0042635,2.4185,-5.0323e-22,0.016449,1,51.293,60.068,45.542,0
-0.004785,2.426,-4.074e-22,0.01568,1,51.364,60.075,45.612,0
-0.0053065,2.4335,-3.1157e-22,0.014911,1,51.435,60.082,45.683,0
-0.005828,2.4409,-2.1573e-22,0.014142,1,51.506,60.089,45.754,0
-0.0063495,2.4484,-1.199e-22,0.013373,1,51.576,60.096,45.824,0
-0.006871,2.4559,-2.4065e-23,0.012603,1,51.647,60.103,45.895,0
-0.0073924,2.4634,7.1767e-23,0.011834,1,51.718,60.11,45.965,0
-0.0079139,2.4708,1.676e-22,0.011065,1,51.789,60.117,46.035,0
-0.0084354,2.4783,2.6343e-22,0.010296,1,51.86,60.124,46.106,0
-0.0089569,2.4858,3.5926e-22,0.0095267,1,51.931,60.131,46.176,0
-0.0094784,2.4932,4.551e-22,0.0087575,1,52.001,60.138,46.247,0
-0.0099999,2.5007,5.5093e-22,0.0079883,1,52.072,60.145,46.318,0
-0.010521,2.5082,6.4676e-22,0.0072191,1,52.143,60.152,46.388,0
-0.011043,2.5156,7.4259e-22,0.0064499,1,52.214,60.159,46.458,0
-0.011564,2.5231,8.3843e-22,0.0056808,1,52.285,60.166,46.529,0
-0.012086,2.5306,9.3426e-22,0.0049116,1,52.356,60.173,46.599,0
-0.012607,2.538,1.0301e-21,0.0041424,1,52.427,60.18,46.67,0
-0.013005,2.541,1.1407e-21,0.0034937,1,52.497,60.187,46.741,0
-0.013325,2.5443,1.1934e-21,0.0032586,1,52.568,60.194,46.811,0
-0.013223,2.5355,1.092e-21,0.0031079,1,52.639,60.201,46.882,0
-0.013123,2.5266,9.9097e-22,0.0029578,1,52.71,60.208,46.952,0
-0.013022,2.5178,8.899e-22,0.0028077,1,52.781,60.215,47.022,0
-0.012922,2.5089,7.8884e-22,0.0026575,1,52.852,60.222,47.093,0
-0.012821,2.5001,6.8777e-22,0.0025074,1,52.922,60.229,47.164,0
-0.012721,2.4912,5.867e-22,0.0023572,1,52.993,60.236,47.234,0
-0.01262,2.4824,4.8564e-22,0.0022071,1,53.064,60.243,47.305,0
-0.01252,2.4736,3.8457e-22,0.002057,1,53.135,60.25,47.375,0
-0.012419,2.4647,2.8351e-22,0.0019069,1,53.206,60.257,47.445,0
-0.012319,2.4559,1.8244e-22,0.0017567,1,53.277,60.264,47.516,0
-0.012219,2.447,8.1379e-23,0.0016066,1,53.348,60.271,47.586,0
-0.012118,2.4382,-1.969e-23,0.0014564,1,53.418,60.278,47.657,0
-0.012018,2.4293,-1.2076e-22,0.0013063,1,53.489,60.285,47.728,0
-0.011917,2.4205,-2.2182e-22,0.0011562,1,53.56,60.292,47.798,0
-0.011817,2.4116,-3.2289e-22,0.0010061,1,53.631,60.299,47.868,0
-0.011716,2.4028,-4.2395e-22,0.00085592,1,53.702,60.306,47.939,0
-0.011616,2.394,-5.2502e-22,0.00070579,1,53.773,60.313,48.009,0
-0.011515,2.3851,-6.2608e-22,0.00055565,1,53.843,60.32,48.08,0
-0.011415,2.3763,-7.2715e-22,0.00040551,1,53.914,60.327,48.151,0
-0.011315,2.3674,-8.2821e-22,0.00025538,1,53.985,60.334,48.221,0
-0.011214,2.3586,-9.2928e-22,0.00010525,1,54.056,60.341,48.292,0
-0.011305,2.3581,-7.4905e-22,-0.00041088,1,54.127,60.348,48.362,0
-0.011396,2.3576,-5.7007e-22,-0.00092537,1,54.198,60.355,48.432,0
-0.011486,2.357,-3.911e-22,-0.0014399,1,54.269,60.362,48.503,0
-0.011577,2.3565,-2.1211e-22,-0.0019544,1,54.339,60.369,48.574,0
-0.011667,2.356,-3.3138e-23,-0.0024689,1,54.41,60.376,48.644,0
-0.011758,2.3554,1.4584e-22,-0.0029834,1,54.481,60.383,48.715,0
-0.011848,2.3549,3.2481e-22,-0.0034978,1,54.552,60.39,48.785,0
-0.011939,2.3544,5.0379e-22,-0.0040123,1,54.623,60.397,48.855,0
-0.012029,2.3538,6.8276e-22,-0.0045268,1,54.694,60.404,48.926,0
-0.01212,2.3533,8.6174e-22,-0.0050413,1,54.764,60.411,48.996,0
-0.01221,2.3528,1.0407e-21,-0.0055558,1,54.835,60.418,49.067,0
-0.012301,2.3522,1.2197e-21,-0.0060703,1,54.906,60.425,49.138,0
-0.012391,2.3517,1.3987e-21,-0.0065848,1,54.977,60.432,49.208,0
-0.012608,2.3547,1.4789e-21,-0.0068856,1,55.048,60.439,49.278,0
-0.013025,2.3633,1.4031e-21,-0.0068486,1,55.119,60.446,49.349,0
-0.013441,2.3719,1.3272e-21,-0.0068116,1,55.19,60.453,49.419,0
-0.013858,2.3805,1.2514e-21,-0.0067747,1,55.26,60.46,49.49,0
-0.014275,2.3891,1.1756e-21,-0.0067377,1,55.331,60.467,49.561,0
-0.014692,2.3976,1.0998e-21,-0.0067007,1,55.402,60.474,49.631,0
-0.015108,2.4062,1.0239e-21,-0.0066638,1,55.473,60.481,49.701,0
-0.015525,2.4148,9.4812e-22,-0.0066268,1,55.544,60.488,49.772,0
-0.015942,2.4234,8.7229e-22,-0.0065898,1,55.615,60.495,49.842,0
-0.016358,2.432,7.9646e-22,-0.0065528,1,55.685,60.502,49.913,0
-0.016775,2.4406,7.2064e-22,-0.0065159,1,55.756,60.509,49.984,0
-0.017192,2.4492,6.4481e-22,-0.0064789,1,55.827,60.516,50.054,0
-0.017609,2.4578,5.6898e-22,-0.0064419,1,55.898,60.523,50.125,0
-0.018025,2.4664,4.9316e-22,-0.006405,1,55.969,60.53,50.195,0
-0.018442,2.475,4.1733e-22,-0.006368,1,56.04,60.537,50.265,0
-0.018859,2.4836,3.4151e-22,-0.006331,1,56.111,60.544,50.336,0
-0.019275,2.4922,2.6568e-22,-0.0062941,1,56.181,60.551,50.407,0
-0.019692,2.5007,1.8985e-22,-0.0062571,1,56.252,60.558,50.477,0
-0.019887,2.505,1.0408e-22,-0.0064119,1,56.323,60.565,50.548,0
-0.019851,2.5046,7.8951e-24,-0.0067671,1,56.394,60.572,50.618,0
-0.019814,2.5043,-8.8286e-23,-0.0071223,1,56.465,60.579,50.688,0
-0.019777,2.5039,-1.8447e-22,-0.0074775,1,56.536,60.586,50.759,0
-0.019741,2.5036,-2.8065e-22,-0.0078327,1,56.606,60.593,50.829,0
-0.019704,2.5032,-3.7683e-22,-0.0081879,1,56.677,60.6,50.9,0
-0.019668,2.5029,-4.7301e-22,-0.0085431,1,56.748,60.607,50.971,0
-0.019639,2.5046,-5.9676e-22,-0.0086767,1,56.819,60.614,51.041,0
-0.019613,2.5069,-7.2874e-22,-0.008744,1,56.89,60.621,51.111,0
-0.019587,2.5093,-8.6072e-22,-0.0088114,1,56.961,60.628,51.182,0
-0.019561,2.5116,-9.927e-22,-0.0088787,1,57.032,60.635,51.252,0
-0.019535,2.5139,-1.1247e-21,-0.0089461,1,57.102,60.642,51.323,0
-0.019509,2.5163,-1.2567e-21,-0.0090134,1,57.173,60.649,51.394,0
-0.019482,2.5186,-1.3887e-21,-0.0090808,1,57.244,60.656,51.464,0
-0.019456,2.5209,-1.5206e-21,-0.0091481,1,57.315,60.663,51.535,0
-0.01943,2.5233,-1.6526e-21,-0.0092154,1,57.386,60.67,51.605,0
-0.019404,2.5256,-1.7846e-21,-0.0092828,1,57.457,60.677,51.675,0
-0.019378,2.5279,-1.9166e-21,-0.0093501,1,57.527,60.684,51.746,0
-0.019352,2.5303,-2.0486e-21,-0.0094175,1,57.598,60.691,51.817,0
-0.019326,2.5326,-2.1805e-21,-0.0094848,1,57.669,60.698,51.887,0
-0.0193,2.5349,-2.3125e-21,-0.0095522,1,57.74,60.705,51.958,0
-0.019273,2.5373,-2.4445e-21,-0.0096195,1,57.811,60.712,52.028,0
-0.019247,2.5396,-2.5765e-21,-0.0096869,1,57.882,60.719,52.098,0
-0.019221,2.5419,-2.7085e-21,-0.0097542,1,57.953,60.726,52.169,0
-0.019195,2.5443,-2.8404e-21,-0.0098216,1,58.023,60.733,52.239,0
-0.019169,2.5466,-2.9724e-21,-0.0098889,1,58.094,60.74,52.31,0
-0.019143,2.5489,-3.1044e-21,-0.0099562,1,58.165,60.747,52.381,0
-0.019117,2.5513,-3.2364e-21,-0.010024,1,58.236,60.754,52.451,0
-0.019091,2.5536,-3.3684e-21,-0.010091,1,58.307,60.761,52.521,0
-0.019062,2.5541,-3.4568e-21,-0.010104,1,58.378,60.768,52.592,0
-0.01903,2.553,-3.5059e-21,-0.010068,1,58.448,60.775,52.662,0
-0.018998,2.5519,-3.5549e-21,-0.010031,1,58.519,60.782,52.733,0
-0.018966,2.5508,-3.604e-21,-0.0099952,1,58.59,60.789,52.804,0
-0.018929,2.5491,-3.6678e-21,-0.010034,1,58.661,60.796,52.874,0
-0.018891,2.5472,-3.7357e-21,-0.010093,1,58.732,60.803,52.944,0
-0.018854,2.5453,-3.8035e-21,-0.010152,1,58.803,60.81,53.015,0
-0.018816,2.5434,-3.8714e-21,-0.01021,1,58.874,60.817,53.085,0
-0.018779,2.5415,-3.9392e-21,-0.010269,1,58.944,60.824,53.156,0
-0.018741,2.5396,-4.007e-21,-0.010328,1,59.015,60.831,53.227,0
-0.018703,2.5377,-4.0749e-21,-0.010387,1,59.086,60.838,53.297,0
-0.018666,2.5358,-4.1427e-21,-0.010446,1,59.157,60.845,53.368,0
-0.018628,2.5339,-4.2106e-21,-0.010505,1,59.228,60.852,53.438,0
-0.01859,2.532,-4.2784e-21,-0.010563,1,59.299,60.859,53.508,0
-0.018553,2.5301,-4.3462e-21,-0.010622,1,59.37,60.866,53.579,0
-0.018515,2.5282,-4.4141e-21,-0.010681,1,59.44,60.873,53.65,0
-0.018477,2.5263,-4.4819e-21,-0.01074,1,59.511,60.88,53.72,0
-0.01844,2.5245,-4.5498e-21,-0.010799,1,59.582,60.887,53.791,0
-0.018402,2.5226,-4.6176e-21,-0.010858,1,59.653,60.894,53.861,0
-0.018364,2.5207,-4.6854e-21,-0.010917,1,59.724,60.901,53.931,0
-0.018327,2.5188,-4.7533e-21,-0.010975,1,59.795,60.908,54.002,0
-0.018289,2.5169,-4.8211e-21,-0.011034,1,59.865,60.915,54.072,0
-0.018251,2.515,-4.889e-21,-0.011093,1,59.936,60.922,54.143,0
-0.018214,2.5131,-4.9568e-21,-0.011152,1,60.007,60.929,54.214,0
-0.018176,2.5112,-5.0246e-21,-0.011211,1,60.078,60.936,54.284,0
-0.018139,2.5093,-5.0925e-21,-0.01127,1,60.149,60.943,54.354,0
-0.018123,2.5075,-5.1516e-21,-0.011323,1,60.22,60.95,54.425,0
-0.018169,2.506,-5.1862e-21,-0.011362,1,60.291,60.957,54.495,0
-0.018215,2.5046,-5.2207e-21,-0.011401,1,60.361,60.964,54.566,0
-0.018261,2.5031,-5.2552e-21,-0.01144,1,60.432,60.971,54.637,0
-0.018307,2.5016,-5.2898e-21,-0.011479,1,60.503,60.978,54.707,0
-0.018353,2.5002,-5.3243e-21,-0.011518,1,60.574,60.985,54.778,0
-0.018399,2.4987,-5.3588e-21,-0.011556,1,60.645,60.992,54.848,0
-0.018445,2.4972,-5.3934e-21,-0.011595,1,60.716,60.999,54.918,0
-0.018476,2.4934,-5.1972e-21,-0.011899,1,60.786,61.006,54.989,0
-0.018493,2.4876,-4.7925e-21,-0.012441,1,60.857,61.013,55.06,0
-0.018509,2.4817,-4.3879e-21,-0.012983,1,60.928,61.02,55.13,0
-0.018526,2.4758,-3.9832e-21,-0.013525,1,60.999,61.027,55.201,0
-0.018543,2.47,-3.5786e-21,-0.014067,1,61.07,61.034,55.271,0
-0.018559,2.4641,-3.174e-21,-0.014609,1,61.141,61.041,55.341,0
-0.018576,2.4582,-2.7693e-21,-0.015152,1,61.212,61.048,55.412,0
-0.018593,2.4524,-2.3647e-21,-0.015694,1,61.282,61.055,55.482,0
-0.018609,2.4465,-1.96e-21,-0.016236,1,61.353,61.062,55.553,0
-0.018626,2.4406,-1.5554e-21,-0.016778,1,61.424,61.069,55.624,0
-0.018643,2.4348,-1.1508e-21,-0.01732,1,61.495,61.076,55.694,0
-0.018659,2.4289,-7.4614e-22,-0.017862,1,61.566,61.083,55.764,0
-0.018676,2.423,-3.4151e-22,-0.018404,1,61.637,61.09,55.835,0
-0.018693,2.4172,6.3129e-23,-0.018947,1,61.707,61.097,55.905,0
-0.018709,2.4113,4.6779e-22,-0.019489,1,61.778,61.104,55.976,0
-0.018726,2.4054,8.7242e-22,-0.020031,1,61.849,61.111,56.047,0
-0.018779,2.4025,1.1604e-21,-0.020281,1,61.92,61.118,56.117,0
-0.018859,2.4017,1.3661e-21,-0.020325,1,61.991,61.125,56.188,0
-0.018938,2.401,1.5717e-21,-0.020368,1,62.062,61.132,56.258,0
-0.019018,2.4002,1.7774e-21,-0.020412,1,62.133,61.139,56.328,0
-0.019097,2.3994,1.9831e-21,-0.020456,1,62.203,61.146,56.399,0
-0.019177,2.3986,2.1887e-21,-0.0205,1,62.274,61.153,56.47,0
-0.019256,2.3978,2.3944e-21,-0.020544,1,62.345,61.16,56.54,0
-0.019336,2.397,2.6001e-21,-0.020587,1,62.416,61.167,56.611,0
-0.019415,2.3962,2.8057e-21,-0.020631,1,62.487,61.174,56.681,0
-0.019495,2.3954,3.0114e-21,-0.020675,1,62.558,61.181,56.751,0
-0.019574,2.3946,3.2171e-21,-0.020719,1,62.628,61.188,56.822,0
-0.019654,2.3938,3.4228e-21,-0.020763,1,62.699,61.195,56.893,0
-0.019733,2.3931,3.6284e-21,-0.020806,1,62.77,61.202,56.963,0
-0.019813,2.3923,3.8341e-21,-0.02085,1,62.841,61.209,57.034,0
-0.019892,2.3915,4.0398e-21,-0.020894,1,62.912,61.216,57.104,0
-0.019997,2.3921,4.0153e-21,-0.020887,1,62.983,61.223,57.174,0
-0.020177,2.3971,3.2925e-21,-0.020727,1,63.054,61.23,57.245,0
-0.020358,2.402,2.5696e-21,-0.020566,1,63.124,61.237,57.315,0
-0.020538,2.407,1.8468e-21,-0.020406,1,63.195,61.244,57.386,0
-0.020719,2.4119,1.124e-21,-0.020245,1,63.266,61.251,57.457,0
-0.020899,2.4169,4.0114e-22,-0.020085,1,63.337,61.258,57.527,0
-0.02108,2.4218,-3.2168e-22,-0.019924,1,63.408,61.265,57.597,0
-0.02126,2.4268,-1.0445e-21,-0.019764,1,63.479,61.272,57.668,0
-0.021441,2.4317,-1.7673e-21,-0.019604,1,63.549,61.279,57.738,0
-0.021621,2.4367,-2.4901e-21,-0.019443,1,63.62,61.286,57.809,0
-0.021802,2.4416,-3.213e-21,-0.019283,1,63.691,61.293,57.88,0
-0.021982,2.4466,-3.9358e-21,-0.019122,1,63.762,61.3,57.95,0
-0.022162,2.4515,-4.6586e-21,-0.018962,1,63.833,61.307,58.021,0
-0.022343,2.4565,-5.3815e-21,-0.018801,1,63.904,61.314,58.091,0
-0.022491,2.4601,-5.9704e-21,-0.018674,1,63.975,61.321,58.161,0
-0.022518,2.4587,-6.0508e-21,-0.018671,1,64.045,61.328,58.232,0
-0.022544,2.4573,-6.1313e-21,-0.018669,1,64.116,61.335,58.303,0
-0.022571,2.4559,-6.2117e-21,-0.018666,1,64.187,61.342,58.373,0
-0.022597,2.4544,-6.2921e-21,-0.018663,1,64.258,61.349,58.444,0
-0.022624,2.453,-6.3725e-21,-0.018661,1,64.329,61.356,58.514,0
-0.02265,2.4516,-6.4529e-21,-0.018658,1,64.4,61.363,58.584,0
-0.022677,2.4502,-6.5333e-21,-0.018656,1,64.47,61.37,58.655,0
-0.022703,2.4488,-6.6138e-21,-0.018653,1,64.541,61.377,58.725,0
-0.02273,2.4474,-6.6942e-21,-0.01865,1,64.612,61.384,58.796,0
-0.022756,2.4459,-6.7746e-21,-0.018648,1,64.683,61.391,58.867,0
-0.022691,2.4432,-6.5649e-21,-0.018436,1,64.754,61.398,58.937,0
-0.022552,2.4393,-6.1178e-21,-0.018053,1,64.825,61.405,59.007,0
-0.022413,2.4355,-5.6707e-21,-0.01767,1,64.896,61.412,59.078,0
-0.022274,2.4317,-5.2236e-21,-0.017287,1,64.966,61.419,59.148,0
-0.022135,2.4278,-4.7764e-21,-0.016904,1,65.037,61.426,59.219,0
-0.021995,2.424,-4.3293e-21,-0.016521,1,65.108,61.433,59.29,0
-0.021856,2.4201,-3.8821e-21,-0.016138,1,65.179,61.44,59.36,0
-0.021717,2.4163,-3.435e-21,-0.015754,1,65.25,61.447,59.431,0
-0.021578,2.4125,-2.9879e-21,-0.015371,1,65.321,61.454,59.501,0
-0.021439,2.4086,-2.5408e-21,-0.014988,1,65.391,61.461,59.571,0
-0.021299,2.4048,-2.0936e-21,-0.014605,1,65.462,61.468,59.642,0
-0.02116,2.4009,-1.6465e-21,-0.014222,1,65.533,61.475,59.713,0
-0.021021,2.3971,-1.1994e-21,-0.013839,1,65.604,61.482,59.783,0
-0.020882,2.3935,-7.9153e-22,-0.01349,1,65.675,61.489,59.854,0
-0.020744,2.3939,-9.1404e-22,-0.013602,1,65.746,61.496,59.924,0
-0.020606,2.3942,-1.0366e-21,-0.013715,1,65.817,61.503,59.994,0
-0.020468,2.3946,-1.1591e-21,-0.013827,1,65.887,61.51,60.065,0
-0.02033,2.3949,-1.2816e-21,-0.013939,1,65.958,61.517,60.136,0
-0.020192,2.3953,-1.4041e-21,-0.014051,1,66.029,61.524,60.206,0
-0.020053,2.3956,-1.5266e-21,-0.014163,1,66.1,61.531,60.277,0
-0.019915,2.396,-1.6491e-21,-0.014276,1,66.171,61.538,60.347,0
-0.019777,2.3963,-1.7717e-21,-0.014388,1,66.242,61.545,60.417,0
-0.019639,2.3966,-1.8942e-21,-0.0145,1,66.312,61.552,60.488,0
-0.019501,2.397,-2.0167e-21,-0.014612,1,66.383,61.559,60.558,0
-0.019363,2.3973,-2.1392e-21,-0.014725,1,66.454,61.566,60.629,0
-0.019225,2.3977,-2.2617e-21,-0.014837,1,66.525,61.573,60.7,0
-0.019087,2.398,-2.3843e-21,-0.014949,1,66.596,61.58,60.77,0
-0.018949,2.3984,-2.5068e-21,-0.015061,1,66.667,61.587,60.84,0
-0.018811,2.3987,-2.6293e-21,-0.015173,1,66.738,61.594,60.911,0
-0.018586,2.3956,-2.7041e-21,-0.015207,1,66.808,61.601,60.981,0
-0.018285,2.3894,-2.7363e-21,-0.01517,1,66.879,61.608,61.052,0
-0.017983,2.3831,-2.7686e-21,-0.015134,1,66.95,61.615,61.123,0
-0.017681,2.3769,-2.8008e-21,-0.015097,1,67.021,61.622,61.193,0
-0.01738,2.3706,-2.833e-21,-0.015061,1,67.092,61.629,61.264,0
-0.017078,2.3644,-2.8653e-21,-0.015024,1,67.163,61.636,61.334,0
-0.016777,2.3582,-2.8975e-21,-0.014987,1,67.233,61.643,61.404,0
-0.016475,2.3519,-2.9297e-21,-0.014951,1,67.304,61.65,61.475,0
-0.016296,2.3514,-2.9344e-21,-0.014774,1,67.375,61.657,61.546,0
-0.016216,2.3553,-2.9172e-21,-0.014485,1,67.446,61.664,61.616,0
-0.016135,2.3593,-2.9e-21,-0.014197,1,67.517,61.671,61.687,0
-0.016054,2.3632,-2.8828e-21,-0.013908,1,67.588,61.678,61.757,0
-0.015973,2.3672,-2.8657e-21,-0.01362,1,67.659,61.685,61.827,0
-0.015893,2.3712,-2.8485e-21,-0.013331,1,67.729,61.692,61.898,0
-0.015812,2.3751,-2.8313e-21,-0.013043,1,67.8,61.699,61.968,0
-0.015731,2.3791,-2.8141e-21,-0.012754,1,67.871,61.706,62.039,0
-0.015651,2.3804,-2.4541e-21,-0.012385,1,67.942,61.713,62.11,0
-0.015572,2.3787,-1.6978e-21,-0.011924,1,68.013,61.72,62.18,0
-0.015493,2.377,-9.4151e-22,-0.011462,1,68.084,61.727,62.25,0
-0.015413,2.3753,-1.8523e-22,-0.011,1,68.154,61.734,62.321,0
-0.015334,2.3736,5.7105e-22,-0.010538,1,68.225,61.741,62.391,0
-0.015255,2.3719,1.3274e-21,-0.010076,1,68.296,61.748,62.462,0
-0.015176,2.3702,2.0837e-21,-0.0096142,1,68.367,61.755,62.533,0
-0.015097,2.3685,2.8399e-21,-0.0091523,1,68.438,61.762,62.603,0
-0.015017,2.3668,3.5962e-21,-0.0086905,1,68.509,61.769,62.674,0
-0.014938,2.3651,4.3525e-21,-0.0082286,1,68.58,61.776,62.744,0
-0.014859,2.3634,5.1088e-21,-0.0077667,1,68.65,61.783,62.814,0
-0.01478,2.3617,5.8651e-21,-0.0073048,1,68.721,61.79,62.885,0
-0.0147,2.36,6.6214e-21,-0.0068429,1,68.792,61.797,62.956,0
-0.014621,2.3583,7.3777e-21,-0.0063811,1,68.863,61.804,63.026,0
-0.014542,2.3566,8.1339e-21,-0.0059192,1,68.934,61.811,63.097,0
-0.014463,2.3549,8.8902e-21,-0.0054573,1,69.005,61.818,63.167,0
-0.014384,2.3532,9.6465e-21,-0.0049955,1,69.076,61.825,63.237,0
-0.014304,2.3515,1.0403e-20,-0.0045336,1,69.146,61.832,63.308,0
-0.014225,2.3498,1.1159e-20,-0.0040717,1,69.217,61.839,63.379,0
-0.014146,2.3481,1.1915e-20,-0.0036098,1,69.288,61.846,63.449,0
-0.014067,2.3464,1.2672e-20,-0.003148,1,69.359,61.853,63.52,0
-0.013988,2.3447,1.3428e-20,-0.0026861,1,69.43,61.86,63.59,0
-0.013908,2.343,1.4184e-20,-0.0022242,1,69.501,61.867,63.66,0
-0.013829,2.3413,1.494e-20,-0.0017623,1,69.571,61.874,63.731,0
-0.01375,2.3396,1.5697e-20,-0.0013005,1,69.642,61.881,63.801,0
-0.013671,2.3379,1.6453e-20,-0.00083857,1,69.713,61.888,63.872,0
-0.013591,2.3362,1.7209e-20,-0.0003767,1,69.784,61.895,63.943,0
nan,nan,nan,nan,0,69.855,61.902,64.013,0
nan,nan,nan,nan,0,69.926,61.909,64.084,0
nan,nan,nan,nan,0,69.997,61.916,64.154,0
nan,nan,nan,nan,0,70.067,61.923,64.225,0
nan,nan,nan,nan,0,70.138,61.93,64.295,0
nan,nan,nan,nan,0,70.209,61.937,64.366,0
nan,nan,nan,nan,0,70.28,61.944,64.436,0
nan,nan,nan,nan,0,70.351,61.951,64.507,0
nan,nan,nan,nan,0,70.422,61.958,64.577,0
nan,nan,nan,nan,0,70.492,61.965,64.647,0
nan,nan,nan,nan,0,70.563,61.972,64.718,0
nan,nan,nan,nan,0,70.634,61.979,64.788,0
nan,nan,nan,nan,0,70.705,61.986,64.859,0
nan,nan,nan,nan,0,70.776,61.993,64.929,0
nan,nan,nan,nan,0,70.847,62,65,0
